Annie,Trostel,annie.trostel@example.com
Antonia,Adams-Batres,antonia.adams-batres@example.com
Ariane,Navarro,ariane.navarro@example.com
Cindy,Brill,cindy.brill@example.com
Dan,St. Romain,dan.st. romain@example.com
Dan,St. Romain,dan.st. romain@example.com
Dan,St. Romain,dan.st. romain@example.com
Dana,Darden,dana.darden@example.com
Daniel,Franklin,daniel.franklin@example.com
Brenda,Arteaga,brenda.arteaga@example.com
Cherry,Ross,cherry.ross@example.com
Codi,Freeman,codi.freeman@example.com
Frances,Watson-Hester,frances.watson-hester@example.com
Laura,Jana,laura.jana@example.com
Tammy,Russell,tammy.russell@example.com
Vicki,Gibson,vicki.gibson@example.com
Vicki,Gibson,vicki.gibson@example.com
Vicki,Gibson,vicki.gibson@example.com
Ernesto,Rodriguez,ernesto.rodriguez@example.com
Felicha,Jones,felicha.jones@example.com
Gayle,Fisher,gayle.fisher@example.com
Georgia,Frawley,georgia.frawley@example.com
Gloria,Diaz de Vargas,gloria.diaz de vargas@example.com
Howard,Morrison,howard.morrison@example.com
Hugo,Basurto,hugo.basurto@example.com
Joelle,Trayers,joelle.trayers@example.com
Joy Lynn,Sloan,joy lynn.sloan@example.com
Katie,Chennisi,katie.chennisi@example.com
Khristina,Hogan,khristina.hogan@example.com
LeeAnn,Flores,leeann.flores@example.com
Lisa,Felske,lisa.felske@example.com
Mary Jo,Huff,mary jo.huff@example.com
Mary Jo,Huff,mary jo.huff@example.com
Melissa,DeLange,melissa.delange@example.com
Nicole,Shanahan,nicole.shanahan@example.com
Paula,Carrasco,paula.carrasco@example.com
Reginald,Chambers,reginald.chambers@example.com
Robin,Rettie,robin.rettie@example.com
Sandra,Consilio,sandra.consilio@example.com
Sandra,Consilio,sandra.consilio@example.com
Sandy,Chilton,sandy.chilton@example.com
Shanece,Smith,shanece.smith@example.com
Shauna,Williams,shauna.williams@example.com
Shauna,Williams,shauna.williams@example.com
Stephen,Fite,stephen.fite@example.com
Sylina,Valdez,sylina.valdez@example.com
Terri,Haarala,terri.haarala@example.com
Terri,Haarala,terri.haarala@example.com
Xuan,Li,xuan.li@example.com
Yvonne,Lopez Taylor,yvonne.lopez taylor@example.com
Brandy,Alexander,brandy.alexander@example.com
